{"cameraMode":{"drawMode":0,"name":"Shaded","section":"Shading Mode"},"sceneLighting":true,"audioPlay":false,"sceneViewState":{"m_AlwaysRefresh":false,"showFog":true,"showSkybox":true,"showFlares":true,"showImageEffects":true,"showParticleSystems":true,"showVisualEffectGraphs":true,"m_FxEnabled":true},"in2DMode":false,"pivot":{"x":-1.2169767618179322,"y":20.421977996826173,"z":323.8197021484375},"rotation":{"x":0.2709972858428955,"y":-0.02165580727159977,"z":0.006098478566855192,"w":0.9623174667358398},"size":26.391084671020509,"orthographic":true}